{"accuracy": [0.5272314548492432, 0.7624810934066772, 0.8706505298614502, 0.9077155590057373, 0.925869882106781, 0.9568834900856018, 0.9644477963447571, 0.9727685451507568, 0.9667171239852905, 0.9780635237693787], "loss": [0.9700103402137756, 0.5506303906440735, 0.3565834164619446, 0.23784694075584412, 0.21508511900901794, 0.13768750429153442, 0.10549258440732956, 0.08760377764701843, 0.08540734648704529, 0.061047811061143875], "val_accuracy": [0.800000011920929, 0.8999999761581421, 0.7666666507720947, 0.8333333134651184, 0.8666666746139526, 0.9166666865348816, 0.9333333373069763, 0.9666666388511658, 0.949999988079071, 0.949999988079071], "val_loss": [0.5437335968017578, 0.3577028214931488, 0.5662763118743896, 0.5004578232765198, 0.3239988386631012, 0.3513551652431488, 0.31108996272087097, 0.10939384996891022, 0.17769251763820648, 0.32777273654937744]}